URL, Number of Outlinks 

https://support.google.com/youtube/answer/3376882?hl=en, 83
https://www.youtube.com/trends/discover/, 94
https://www.blog.google/products/chrome/#jump-content, 183
https://support.google.com/?hl=en, 176
https://www.blog.google/products/chromebooks/, 182
https://www.youtube.com/howyoutubeworks/product-features/recommendations/, 133
https://www.youtube.com/howyoutubeworks/policies/overview/, 130
https://www.youtube.com/howyoutubeworks/our-commitments/preventing-bias/, 129
https://www.youtube.com/howyoutubeworks/policies/monetization-policies/, 141
https://www.blog.google/products/android/#jump-content, 183
https://www.royalchallengers.com/product-listing, 49
https://www.blog.google/?utm_source=about.google&utm_medium=referral&utm_campaign=nav-the-keyword, 182
https://www.youtube.com/trends/about/, 83
https://www.blog.google/products/gmail/#jump-content, 184
https://www.youtube.com/howyoutubeworks/policies/copyright/#making-claims, 141
https://www.blog.google/products/chromebooks/#jump-content, 182
https://www.youtube.com/howyoutubeworks/product-features/news-information/, 149
https://youtube.com/trends/news/, 107
https://www.youtube.com/howyoutubeworks/policies/copyright/#enforcing-copyright, 141
https://www.youtube.com/howyoutubeworks/our-commitments/covid-response/, 153
https://www.blog.google/?utm_source=about.google&utm_medium=referral&utm_campaign=nav-the-keyword#jump-content, 182
https://accounts.google.com/ServiceLogin?hl=en&passive=true&continue=http://support.google.com/%3Fvisit_id%3D637368410164286373-1927048166%26rd%3D1&ec=GAZAdQ, 0
https://www.youtube.com/about/policies/, 154
https://www.youtube.com/howyoutubeworks/our-commitments/supporting-elections/, 145
https://about.google/commitments/, 68
https://youtube.com/trends/discover/, 94
https://www.blog.google/products/docs/#jump-content, 182
https://www.youtube.com/trends/, 97
https://about.google/, 53
https://www.blog.google/products/wear-os/#jump-content, 181
https://www.youtube.com/trends/records/, 140
https://www.royalchallengers.com/product-listing#main-content, 49
https://www.youtube.com/howyoutubeworks/our-commitments/safeguarding-copyright/, 129
https://www.blog.google/products/docs/, 182
https://www.youtube.com/trends/news/, 107
https://accounts.google.com/ServiceLogin?hl=en&passive=true&continue=http://support.google.com/&ec=GAZAdQ, 0
https://www.blog.google/products/chromecast/#jump-content, 179
https://www.youtube.com/howyoutubeworks/policies/copyright/#overview, 141
https://www.blog.google/products/chromecast/, 179
https://www.blog.google/products/chrome/, 183
https://www.blog.google/products/google-wifi/, 179
https://www.royalchallengers.com/#main-content, 150
https://www.youtube.com/howyoutubeworks/user-settings/parental-controls/, 129
https://www.youtube.com/howyoutubeworks/progress-impact/trends/, 130
https://youtube.com/trends/, 97
https://www.youtube.com/howyoutubeworks/policies/community-guidelines/, 154
https://support.google.com/support_portal, 176
https://www.youtube.com/howyoutubeworks/our-commitments/fighting-misinformation/, 138
https://accounts.google.com/ServiceLogin?hl=en&passive=true&continue=http://support.google.com/%3Fhl%3Den&ec=GAZAdQ, 0
https://www.youtube.com/howyoutubeworks/policies/legal-removals/, 129
https://www.youtube.com/howyoutubeworks/, 152
https://www.youtube.com/howyoutubeworks/user-settings/ad-settings/, 128
https://www.youtube.com/howyoutubeworks/progress-impact/impact/, 127
https://www.blog.google/, 182
https://www.blog.google/products/google-play/, 183
https://www.blog.google/products/wear-os/, 181
https://www.youtube.com/howyoutubeworks/progress-impact/responsibility/, 133
https://www.royalchallengers.com/, 150
https://support.google.com/, 176
https://www.youtube.com/howyoutubeworks/policies/copyright/#fair-use, 141
https://www.youtube.com/channel/UCCq1xDJMBRF61kiOgU90_kw, 12
https://about.google/#content, 53
https://www.youtube.com/howyoutubeworks/policies/copyright/, 141
https://www.blog.google/products/gmail/, 184
https://www.youtube.com/howyoutubeworks/our-commitments/fostering-child-safety/, 146
https://youtube.com/trends/contact/, 75
https://www.youtube.com/about/copyright/, 141
https://www.blog.google/products/drive/#jump-content, 178
https://www.youtube.com/about/experiences/, 85
https://www.youtube.com/howyoutubeworks/user-settings/autoplay/, 128
https://about.google/stories/#content, 155
https://www.youtube.com/howyoutubeworks/our-commitments/standing-up-to-hate/, 156
https://www.blog.google/products/google-play/#jump-content, 183
https://www.youtube.com/howyoutubeworks/our-commitments/curbing-extremist-content/, 139
https://www.youtube.com/trends/contact/, 75
https://about.google/products/, 340
https://youtube.com/trends/about/, 83
https://www.youtube.com/about/press/, 82
https://about.google/?fg=1&utm_source=google-US&utm_medium=referral&utm_campaign=hp-header#content, 53
https://www.youtube.com/about/, 77
https://google.com/, 23
https://www.youtube.com/howyoutubeworks/user-settings/privacy/, 134
https://www.youtube.com/howyoutubeworks/our-commitments/sharing-revenue/, 140
https://www.blog.google/products/google-nest/#jump-content, 179
https://www.blog.google/products/google-nest/, 179
https://www.blog.google/products/drive/, 178
https://support.google.com/?tab=uu, 176
https://www.youtube.com/howyoutubeworks/our-commitments/managing-harmful-content/, 133
https://about.google/stories/, 155
https://about.google/commitments/#content, 68
https://www.blog.google/#jump-content, 182
https://www.youtube.com/howyoutubeworks/product-features/search/, 132
https://www.blog.google/products/google-wifi/#jump-content, 179
https://www.youtube.com/howyoutubeworks/product-features/monetization/, 143
https://www.youtube.com/howyoutubeworks/our-commitments/protecting-user-data/, 130
https://about.google/?fg=1&utm_source=google-US&utm_medium=referral&utm_campaign=hp-header, 53
https://www.youtube.com/howyoutubeworks/product-features/live/, 142
https://www.youtube.com/howyoutubeworks/our-commitments/promoting-digital-wellbeing/, 131
https://www.blog.google/products/android/, 183
https://youtube.com/trends/records/, 140